room_id,room_type,Total Booking,Total Amount,Month,Days_Before_Checkin,price_per_night
1,Standard,2,2472,1,2,78
1,Standard,1,175,2,2,78
1,Standard,1,1794,4,4,78
1,Standard,2,3163,8,12,78
1,Standard,3,4005,11,6,78
1,Standard,1,125,11,9,78
1,Standard,3,1566,11,10,78
2,Suite,2,2047,2,2,55
2,Suite,3,3430,4,4,55
2,Suite,1,861,4,11,55
2,Suite,2,1420,5,4,55
2,Suite,1,1816,5,10,55
2,Suite,2,730,5,11,55
2,Suite,2,2233,6,6,55
2,Suite,1,415,8,10,55
2,Suite,1,826,10,13,55
2,Suite,2,1982,11,10,55
2,Suite,1,1908,12,7,55
3,Deluxe,1,1547,1,4,461
3,Deluxe,2,2779,2,12,461
3,Deluxe,3,2504,3,7,461
3,Deluxe,1,1851,3,10,461
3,Deluxe,1,734,6,12,461
3,Deluxe,2,1669,8,13,461
3,Deluxe,1,1722,10,6,461
3,Deluxe,1,1316,10,8,461
3,Deluxe,2,2775,12,13,461
4,Deluxe,1,1641,2,10,184
4,Deluxe,1,806,4,7,184
4,Deluxe,1,151,4,8,184
4,Deluxe,4,2299,6,12,184
4,Deluxe,1,1916,7,1,184
5,Suite,2,1575,1,7,88
5,Suite,1,1269,2,1,88
5,Suite,1,784,3,8,88
5,Suite,3,3029,4,10,88
5,Suite,1,1431,5,4,88
5,Suite,3,3667,5,10,88
5,Suite,1,990,6,1,88
5,Suite,3,4020,8,6,88
5,Suite,1,1575,9,13,88
5,Suite,2,1856,11,14,88
5,Suite,2,687,12,4,88
6,Presidential,1,604,1,8,70
6,Presidential,1,454,2,4,70
6,Presidential,2,2260,2,8,70
6,Presidential,2,2157,3,11,70
6,Presidential,1,1205,4,10,70
6,Presidential,2,990,5,5,70
6,Presidential,1,1961,7,10,70
6,Presidential,3,4509,9,10,70
6,Presidential,1,1595,12,3,70
7,Suite,1,429,1,6,129
7,Suite,2,2194,1,7,129
7,Suite,1,1522,3,9,129
7,Suite,1,1060,4,5,129
7,Suite,1,112,4,7,129
7,Suite,1,1247,6,7,129
7,Suite,2,783,7,11,129
7,Suite,1,1408,8,12,129
7,Suite,1,1525,10,5,129
7,Suite,1,1824,10,12,129
7,Suite,2,797,11,5,129
7,Suite,1,1841,11,13,129
7,Suite,1,1715,12,11,129
8,Suite,1,1372,1,7,490
8,Suite,2,2385,2,1,490
8,Suite,1,420,2,3,490
8,Suite,1,1801,3,2,490
8,Suite,2,2434,5,11,490
8,Suite,2,676,6,9,490
8,Suite,1,61,7,5,490
8,Suite,1,1526,11,6,490
8,Suite,2,1698,12,10,490
9,Executive,1,1024,1,4,91
9,Executive,1,1718,3,2,91
9,Executive,1,487,3,11,91
9,Executive,2,3211,5,7,91
9,Executive,1,540,5,10,91
9,Executive,1,1889,5,14,91
9,Executive,1,632,6,4,91
9,Executive,1,1332,6,14,91
9,Executive,2,2047,7,8,91
9,Executive,1,1737,7,14,91
9,Executive,1,96,8,9,91
9,Executive,2,650,9,2,91
9,Executive,1,1280,10,6,91
9,Executive,2,1690,11,12,91
9,Executive,3,4432,12,2,91
10,Deluxe,2,2536,1,11,374
10,Deluxe,1,938,2,5,374
10,Deluxe,2,2879,2,14,374
10,Deluxe,1,1668,3,5,374
10,Deluxe,2,2145,4,6,374
10,Deluxe,1,1463,6,4,374
10,Deluxe,1,1830,6,6,374
10,Deluxe,1,658,8,3,374
10,Deluxe,1,399,9,11,374
10,Deluxe,1,700,9,14,374
10,Deluxe,1,338,11,6,374
10,Deluxe,1,1067,12,12,374
11,Presidential,1,640,1,2,454
11,Presidential,1,1839,1,8,454
11,Presidential,3,3050,3,13,454
11,Presidential,1,827,5,13,454
11,Presidential,1,1882,7,2,454
11,Presidential,1,831,7,8,454
11,Presidential,2,1793,8,14,454
11,Presidential,1,1848,9,2,454
11,Presidential,1,309,11,14,454
11,Presidential,1,1584,12,1,454
12,Suite,2,3655,1,3,159
12,Suite,1,1599,1,4,159
12,Suite,1,1256,4,6,159
12,Suite,1,1047,4,8,159
12,Suite,1,679,4,11,159
12,Suite,1,994,6,8,159
12,Suite,1,1024,7,12,159
12,Suite,1,993,8,14,159
12,Suite,1,613,10,8,159
12,Suite,1,1679,10,10,159
12,Suite,1,603,10,12,159
12,Suite,3,4073,10,14,159
12,Suite,2,1652,11,7,159
12,Suite,1,1961,12,9,159
13,Suite,1,189,2,3,318
13,Suite,1,712,3,1,318
13,Suite,2,2910,3,14,318
13,Suite,1,985,4,9,318
13,Suite,2,2388,7,10,318
13,Suite,1,757,9,7,318
13,Suite,1,1795,11,4,318
13,Suite,2,2695,11,9,318
14,Deluxe,1,664,1,7,182
14,Deluxe,2,1371,4,6,182
14,Deluxe,1,1169,5,2,182
14,Deluxe,4,5275,5,6,182
14,Deluxe,2,1614,8,2,182
14,Deluxe,2,3303,11,5,182
14,Deluxe,1,1142,12,6,182
14,Deluxe,1,980,12,13,182
15,Executive,2,3832,1,5,86
15,Executive,2,1222,1,12,86
15,Executive,2,1100,3,7,86
15,Executive,1,318,4,12,86
15,Executive,2,2426,6,4,86
15,Executive,1,1642,6,5,86
15,Executive,3,2256,7,7,86
16,Deluxe,2,2725,1,6,93
16,Deluxe,1,1976,2,1,93
16,Deluxe,2,2456,5,10,93
16,Deluxe,1,483,6,9,93
16,Deluxe,2,1714,7,10,93
16,Deluxe,1,666,9,2,93
16,Deluxe,1,70,9,5,93
16,Deluxe,1,1665,12,3,93
16,Deluxe,1,682,12,8,93
17,Executive,1,1696,4,11,323
17,Executive,1,1810,6,3,323
17,Executive,1,362,8,4,323
17,Executive,2,550,8,11,323
17,Executive,2,1944,11,1,323
17,Executive,3,2702,11,8,323
17,Executive,2,1683,11,10,323
18,Executive,2,2985,3,4,139
18,Executive,1,1966,4,7,139
18,Executive,1,1437,6,4,139
18,Executive,1,269,6,12,139
18,Executive,1,1552,8,9,139
18,Executive,3,2961,11,4,139
18,Executive,1,1668,12,2,139
18,Executive,1,1594,12,3,139
19,Standard,1,1275,3,9,462
19,Standard,1,489,4,13,462
19,Standard,1,1522,6,14,462
19,Standard,1,473,7,9,462
19,Standard,1,1923,10,13,462
19,Standard,2,2361,11,1,462
19,Standard,1,1761,11,3,462
19,Standard,1,494,11,4,462
19,Standard,2,1248,11,13,462
19,Standard,1,1524,12,7,462
19,Standard,1,150,12,10,462
20,Deluxe,1,251,1,6,223
20,Deluxe,1,1786,2,13,223
20,Deluxe,3,4772,2,14,223
20,Deluxe,1,1647,3,8,223
20,Deluxe,1,298,4,8,223
20,Deluxe,1,539,5,9,223
20,Deluxe,1,1217,6,8,223
20,Deluxe,2,2491,6,11,223
20,Deluxe,1,1592,7,8,223
20,Deluxe,2,1252,11,3,223
21,Suite,3,3452,1,2,405
21,Suite,3,3196,1,10,405
21,Suite,1,689,2,10,405
21,Suite,1,1956,4,6,405
21,Suite,1,179,5,9,405
21,Suite,3,3393,5,12,405
21,Suite,1,1283,6,9,405
21,Suite,1,352,6,14,405
21,Suite,2,3357,7,14,405
21,Suite,2,2666,9,2,405
21,Suite,1,1600,9,9,405
21,Suite,1,890,10,11,405
21,Suite,1,354,10,14,405
22,Deluxe,1,521,2,11,165
22,Deluxe,1,1287,4,4,165
22,Deluxe,2,1350,5,7,165
22,Deluxe,3,2627,6,9,165
22,Deluxe,2,1419,7,3,165
22,Deluxe,2,2306,7,7,165
22,Deluxe,1,259,7,14,165
22,Deluxe,2,885,8,8,165
22,Deluxe,1,1741,8,13,165
22,Deluxe,2,2114,9,5,165
22,Deluxe,1,1488,10,5,165
22,Deluxe,1,1456,10,10,165
23,Executive,1,701,1,10,61
23,Executive,1,1817,2,3,61
23,Executive,1,1709,2,5,61
23,Executive,1,558,3,8,61
23,Executive,1,1165,4,11,61
23,Executive,2,2493,5,4,61
23,Executive,2,2043,8,10,61
23,Executive,2,1412,9,3,61
23,Executive,1,582,10,7,61
23,Executive,1,860,11,5,61
23,Executive,1,937,12,1,61
23,Executive,1,1543,12,3,61
23,Executive,1,1077,12,7,61
24,Executive,1,487,1,9,409
24,Executive,2,2171,3,14,409
24,Executive,1,851,5,1,409
24,Executive,3,2231,6,3,409
24,Executive,1,1055,7,4,409
24,Executive,2,3110,7,9,409
24,Executive,1,1213,12,3,409
25,Executive,2,2623,5,2,333
25,Executive,1,149,5,5,333
25,Executive,1,280,5,8,333
25,Executive,2,2056,7,1,333
25,Executive,3,3424,7,10,333
25,Executive,1,216,11,5,333
25,Executive,1,1348,12,9,333
25,Executive,4,5972,12,13,333
26,Executive,1,740,1,7,189
26,Executive,2,2626,2,5,189
26,Executive,2,3325,3,8,189
26,Executive,1,1163,3,12,189
26,Executive,1,1191,3,14,189
26,Executive,1,130,5,5,189
26,Executive,2,1863,5,9,189
26,Executive,2,3099,5,11,189
26,Executive,1,554,6,7,189
26,Executive,1,772,6,11,189
26,Executive,1,832,6,13,189
26,Executive,1,1898,7,5,189
26,Executive,3,3758,8,11,189
26,Executive,1,217,8,14,189
26,Executive,1,332,9,12,189
26,Executive,1,1214,11,5,189
27,Standard,1,317,1,5,284
27,Standard,1,428,1,8,284
27,Standard,1,940,1,11,284
27,Standard,2,3279,2,7,284
27,Standard,4,3090,7,13,284
27,Standard,1,316,8,2,284
27,Standard,1,1447,11,11,284
27,Standard,4,2688,12,1,284
27,Standard,1,804,12,7,284
28,Deluxe,1,332,1,1,134
28,Deluxe,1,667,2,2,134
28,Deluxe,2,1978,2,10,134
28,Deluxe,4,4899,3,8,134
28,Deluxe,2,2137,5,8,134
28,Deluxe,1,88,5,14,134
28,Deluxe,1,1505,6,4,134
28,Deluxe,1,852,7,9,134
28,Deluxe,2,2074,7,11,134
28,Deluxe,1,95,8,4,134
28,Deluxe,2,2169,11,11,134
28,Deluxe,1,1157,12,3,134
29,Suite,1,1459,1,5,469
29,Suite,1,299,1,14,469
29,Suite,2,3077,2,8,469
29,Suite,2,3143,4,2,469
29,Suite,1,1329,4,12,469
29,Suite,1,109,5,14,469
29,Suite,2,1393,8,14,469
29,Suite,1,1205,9,13,469
29,Suite,1,1355,10,8,469
29,Suite,1,419,11,2,469
30,Presidential,1,1089,1,4,493
30,Presidential,1,1286,1,9,493
30,Presidential,2,1192,1,13,493
30,Presidential,3,3319,2,8,493
30,Presidential,2,1522,3,11,493
30,Presidential,1,1261,4,4,493
30,Presidential,1,497,6,14,493
30,Presidential,3,3291,7,5,493
30,Presidential,1,52,8,10,493
30,Presidential,1,400,9,2,493
30,Presidential,1,646,10,8,493
30,Presidential,3,4820,11,14,493
30,Presidential,1,711,12,13,493
31,Deluxe,1,1583,1,12,393
31,Deluxe,3,4393,3,10,393
31,Deluxe,1,105,4,3,393
31,Deluxe,1,1456,5,3,393
31,Deluxe,1,1021,5,14,393
31,Deluxe,2,3958,8,4,393
31,Deluxe,1,1271,8,7,393
31,Deluxe,1,79,8,11,393
31,Deluxe,2,2246,10,8,393
31,Deluxe,1,983,11,9,393
31,Deluxe,1,234,11,14,393
32,Presidential,1,1001,1,9,173
32,Presidential,1,1902,1,13,173
32,Presidential,1,1741,2,8,173
32,Presidential,1,1118,2,12,173
32,Presidential,1,1647,3,13,173
32,Presidential,1,1587,4,10,173
32,Presidential,1,697,4,14,173
32,Presidential,3,1882,5,2,173
32,Presidential,1,809,6,10,173
32,Presidential,1,1819,6,12,173
32,Presidential,1,1206,8,4,173
32,Presidential,2,579,9,8,173
32,Presidential,3,1707,9,9,173
32,Presidential,2,1966,12,8,173
33,Deluxe,1,1687,1,7,237
33,Deluxe,2,1871,1,9,237
33,Deluxe,2,2186,4,2,237
33,Deluxe,1,733,4,3,237
33,Deluxe,2,2255,6,10,237
33,Deluxe,1,295,7,9,237
33,Deluxe,2,1577,8,3,237
33,Deluxe,1,308,9,8,237
33,Deluxe,1,1950,9,13,237
33,Deluxe,2,2651,11,14,237
33,Deluxe,1,510,12,5,237
34,Presidential,2,3256,1,6,364
34,Presidential,1,1182,4,14,364
34,Presidential,1,426,7,8,364
34,Presidential,3,3208,7,14,364
34,Presidential,1,878,9,7,364
34,Presidential,1,766,10,6,364
34,Presidential,5,5846,11,5,364
34,Presidential,1,1619,11,7,364
34,Presidential,1,1273,12,8,364
34,Presidential,1,1292,12,9,364
34,Presidential,1,1023,12,10,364
35,Deluxe,2,3335,1,4,359
35,Deluxe,1,166,1,8,359
35,Deluxe,1,1765,2,11,359
35,Deluxe,1,1298,4,9,359
35,Deluxe,2,2493,4,11,359
35,Deluxe,1,1373,5,2,359
35,Deluxe,3,3495,7,3,359
35,Deluxe,1,967,9,3,359
35,Deluxe,2,2062,9,13,359
35,Deluxe,2,2392,10,13,359
35,Deluxe,1,831,11,6,359
36,Standard,1,1601,1,4,422
36,Standard,1,269,3,11,422
36,Standard,2,1379,4,2,422
36,Standard,1,1363,5,5,422
36,Standard,1,534,7,13,422
36,Standard,1,1565,8,1,422
36,Standard,1,339,8,9,422
36,Standard,3,3571,8,12,422
36,Standard,2,1667,10,4,422
36,Standard,1,1934,11,12,422
37,Suite,1,142,1,9,353
37,Suite,1,546,2,8,353
37,Suite,1,1122,3,9,353
37,Suite,1,215,3,11,353
37,Suite,1,1857,4,5,353
37,Suite,1,1953,5,11,353
37,Suite,1,1937,6,9,353
37,Suite,1,888,7,13,353
37,Suite,1,1835,9,13,353
37,Suite,2,3713,10,8,353
38,Presidential,1,1625,1,4,495
38,Presidential,2,3163,2,2,495
38,Presidential,1,92,2,4,495
38,Presidential,2,1527,2,10,495
38,Presidential,1,1372,3,4,495
38,Presidential,1,359,7,12,495
38,Presidential,1,1425,8,5,495
38,Presidential,1,1146,10,3,495
39,Presidential,1,1000,1,6,118
39,Presidential,2,1277,1,9,118
39,Presidential,1,290,2,4,118
39,Presidential,1,1822,4,7,118
39,Presidential,1,1044,6,13,118
39,Presidential,1,1056,8,2,118
39,Presidential,1,1840,8,8,118
39,Presidential,1,506,9,11,118
39,Presidential,1,1271,9,14,118
39,Presidential,1,286,10,6,118
39,Presidential,1,1930,11,1,118
39,Presidential,1,1047,11,2,118
39,Presidential,1,482,12,13,118
40,Standard,1,1022,1,6,249
40,Standard,1,320,2,11,249
40,Standard,3,2806,2,14,249
40,Standard,1,556,3,3,249
40,Standard,1,347,3,13,249
40,Standard,1,763,4,4,249
40,Standard,2,2498,8,6,249
40,Standard,2,263,10,7,249
40,Standard,4,4638,10,11,249
41,Suite,2,2547,3,8,242
41,Suite,1,545,6,3,242
41,Suite,1,742,7,5,242
41,Suite,1,625,7,8,242
41,Suite,2,1368,11,1,242
41,Suite,1,191,11,2,242
41,Suite,2,181,12,10,242
42,Suite,1,1091,3,14,95
42,Suite,3,2034,5,6,95
42,Suite,3,2444,6,2,95
42,Suite,3,3128,6,8,95
42,Suite,1,377,7,3,95
42,Suite,1,1295,8,3,95
42,Suite,2,817,8,8,95
42,Suite,1,1231,9,11,95
42,Suite,1,401,10,2,95
43,Presidential,1,1453,3,10,65
43,Presidential,1,1990,5,10,65
43,Presidential,1,689,6,2,65
43,Presidential,1,634,6,12,65
43,Presidential,2,3256,7,1,65
43,Presidential,1,765,7,7,65
43,Presidential,1,1092,7,8,65
43,Presidential,2,3100,9,10,65
43,Presidential,1,79,9,11,65
43,Presidential,2,1544,10,11,65
43,Presidential,1,1935,11,1,65
43,Presidential,1,1839,11,11,65
43,Presidential,1,1787,11,12,65
43,Presidential,1,548,12,7,65
44,Suite,1,1866,1,5,456
44,Suite,2,1681,3,10,456
44,Suite,1,609,4,2,456
44,Suite,1,1825,4,11,456
44,Suite,1,501,8,13,456
44,Suite,1,1318,10,6,456
44,Suite,3,3353,11,9,456
45,Suite,1,1289,3,9,109
45,Suite,1,828,4,1,109
45,Suite,1,701,5,2,109
45,Suite,1,1993,7,2,109
45,Suite,1,406,10,9,109
46,Presidential,2,3728,3,1,460
46,Presidential,2,2342,3,10,460
46,Presidential,3,4430,4,3,460
46,Presidential,3,2606,5,6,460
46,Presidential,1,1816,7,8,460
46,Presidential,1,1845,7,9,460
46,Presidential,1,532,7,10,460
46,Presidential,3,3143,12,1,460
47,Executive,1,1609,3,10,289
47,Executive,2,2625,4,1,289
47,Executive,3,3576,4,10,289
47,Executive,1,657,4,11,289
47,Executive,2,220,10,12,289
47,Executive,2,545,11,13,289
47,Executive,1,1952,12,11,289
48,Executive,1,1783,1,7,228
48,Executive,1,111,2,11,228
48,Executive,1,1940,3,10,228
48,Executive,1,337,4,1,228
48,Executive,1,67,5,2,228
48,Executive,1,738,7,1,228
48,Executive,1,1248,7,3,228
48,Executive,1,916,8,11,228
48,Executive,1,1018,8,14,228
48,Executive,1,597,9,2,228
48,Executive,1,1679,10,6,228
48,Executive,1,220,11,14,228
48,Executive,1,783,12,1,228
48,Executive,1,1311,12,13,228
49,Presidential,2,1806,1,1,56
49,Presidential,2,2339,5,12,56
49,Presidential,2,2373,6,5,56
49,Presidential,1,555,6,10,56
49,Presidential,1,1303,8,14,56
49,Presidential,1,161,9,5,56
49,Presidential,1,730,11,6,56
49,Presidential,2,2043,12,13,56
50,Presidential,1,725,1,9,220
50,Presidential,1,1423,2,2,220
50,Presidential,1,251,2,11,220
50,Presidential,2,2398,3,7,220
50,Presidential,1,371,3,9,220
50,Presidential,2,2181,4,7,220
50,Presidential,3,3767,6,14,220
50,Presidential,1,1572,7,1,220
50,Presidential,1,1129,7,9,220
50,Presidential,2,713,9,7,220
50,Presidential,1,1382,9,11,220
50,Presidential,3,3691,10,11,220
50,Presidential,1,948,11,14,220
50,Presidential,1,741,12,10,220
50,Presidential,1,1494,12,13,220
50,Presidential,2,1755,12,14,220
51,Deluxe,1,474,1,6,102
51,Deluxe,1,644,2,7,102
51,Deluxe,1,1166,4,6,102
51,Deluxe,1,1548,9,8,102
51,Deluxe,1,458,9,9,102
51,Deluxe,2,3178,9,14,102
51,Deluxe,1,1931,10,9,102
51,Deluxe,1,754,11,3,102
51,Deluxe,2,938,12,5,102
52,Executive,2,942,3,4,65
52,Executive,1,1133,4,14,65
52,Executive,2,1963,5,9,65
52,Executive,1,1146,6,6,65
52,Executive,4,3139,6,14,65
52,Executive,1,1764,9,3,65
52,Executive,1,132,10,2,65
52,Executive,3,3223,10,14,65
52,Executive,1,1460,12,5,65
53,Standard,1,705,1,2,452
53,Standard,1,1696,2,8,452
53,Standard,1,458,3,8,452
53,Standard,2,935,3,14,452
53,Standard,1,1521,4,14,452
53,Standard,1,657,5,3,452
53,Standard,2,832,5,10,452
53,Standard,1,478,7,3,452
53,Standard,1,698,8,8,452
53,Standard,3,4280,9,5,452
53,Standard,2,963,9,9,452
53,Standard,4,3766,10,11,452
53,Standard,2,2197,11,2,452
53,Standard,1,56,11,8,452
53,Standard,1,689,12,1,452
54,Standard,1,390,2,12,141
54,Standard,1,1032,3,6,141
54,Standard,1,1356,4,5,141
54,Standard,1,59,4,10,141
54,Standard,1,1969,4,14,141
54,Standard,1,1414,5,10,141
54,Standard,1,93,6,4,141
54,Standard,2,895,7,13,141
54,Standard,2,1564,12,8,141
54,Standard,1,252,12,9,141
55,Executive,1,1477,1,10,448
55,Executive,2,2370,3,4,448
55,Executive,1,1158,4,3,448
55,Executive,1,1933,4,6,448
55,Executive,3,3235,4,8,448
55,Executive,2,3489,6,10,448
55,Executive,1,1521,8,11,448
55,Executive,1,737,10,4,448
55,Executive,2,2049,10,10,448
55,Executive,1,1951,10,11,448
55,Executive,1,1864,12,1,448
56,Presidential,4,4256,1,1,408
56,Presidential,1,447,1,6,408
56,Presidential,1,1280,2,3,408
56,Presidential,2,3385,2,6,408
56,Presidential,1,1619,3,4,408
56,Presidential,1,173,3,10,408
56,Presidential,1,1318,4,7,408
56,Presidential,1,1151,4,13,408
56,Presidential,1,796,5,7,408
56,Presidential,1,1776,5,9,408
56,Presidential,1,91,5,12,408
56,Presidential,1,301,6,14,408
56,Presidential,3,2111,7,5,408
56,Presidential,2,2764,7,10,408
56,Presidential,2,1781,10,8,408
56,Presidential,2,923,10,14,408
56,Presidential,1,1261,11,6,408
56,Presidential,2,2089,12,5,408
56,Presidential,2,3206,12,7,408
57,Standard,1,96,1,7,402
57,Standard,1,1060,1,14,402
57,Standard,1,1293,2,1,402
57,Standard,1,954,2,3,402
57,Standard,1,1993,2,6,402
57,Standard,2,2621,2,14,402
57,Standard,3,4591,5,5,402
57,Standard,1,68,5,9,402
57,Standard,1,1466,6,12,402
57,Standard,3,3766,7,14,402
57,Standard,1,1614,8,12,402
57,Standard,1,156,9,13,402
57,Standard,1,1869,10,10,402
57,Standard,1,1869,12,4,402
57,Standard,1,651,12,5,402
58,Executive,2,2129,1,2,240
58,Executive,3,3067,1,13,240
58,Executive,1,1215,3,11,240
58,Executive,2,1912,6,3,240
58,Executive,1,206,8,2,240
58,Executive,2,2608,9,1,240
58,Executive,2,1838,12,12,240
59,Deluxe,3,3679,1,9,158
59,Deluxe,1,351,2,1,158
59,Deluxe,1,648,2,6,158
59,Deluxe,1,1418,3,3,158
59,Deluxe,1,1387,3,5,158
59,Deluxe,2,1119,3,12,158
59,Deluxe,1,950,6,7,158
59,Deluxe,1,230,7,10,158
59,Deluxe,1,924,8,7,158
59,Deluxe,1,249,8,13,158
59,Deluxe,1,795,10,5,158
59,Deluxe,2,2426,11,9,158
59,Deluxe,1,67,12,9,158
59,Deluxe,1,1315,12,14,158
60,Executive,1,648,1,12,225
60,Executive,1,921,2,6,225
60,Executive,1,144,3,1,225
60,Executive,2,2544,3,12,225
60,Executive,1,241,5,1,225
60,Executive,1,1251,7,1,225
60,Executive,1,1627,8,6,225
60,Executive,1,136,8,12,225
60,Executive,1,122,11,5,225
60,Executive,3,2629,11,12,225
60,Executive,1,1792,12,7,225
60,Executive,1,891,12,10,225
61,Presidential,1,811,1,6,194
61,Presidential,1,770,3,11,194
61,Presidential,1,244,4,10,194
61,Presidential,1,826,5,5,194
61,Presidential,1,1064,5,8,194
61,Presidential,2,1905,8,7,194
61,Presidential,1,631,10,4,194
61,Presidential,1,928,10,10,194
61,Presidential,3,3441,11,1,194
61,Presidential,1,417,11,7,194
61,Presidential,1,1815,11,14,194
61,Presidential,1,688,12,6,194
61,Presidential,1,1558,12,8,194
62,Suite,1,670,1,13,220
62,Suite,1,476,2,5,220
62,Suite,2,2878,2,7,220
62,Suite,2,2231,4,3,220
62,Suite,4,4645,5,6,220
62,Suite,1,1582,6,11,220
62,Suite,2,3586,7,5,220
62,Suite,1,1114,7,13,220
62,Suite,2,1042,8,8,220
62,Suite,1,579,9,2,220
62,Suite,1,1654,9,12,220
62,Suite,2,1899,10,7,220
62,Suite,1,1330,10,9,220
62,Suite,1,872,10,14,220
62,Suite,2,1258,11,11,220
63,Presidential,2,913,1,10,328
63,Presidential,1,1618,2,4,328
63,Presidential,1,654,5,5,328
63,Presidential,1,1149,5,12,328
63,Presidential,1,479,7,1,328
63,Presidential,1,1721,7,12,328
63,Presidential,1,1428,8,4,328
63,Presidential,2,1628,12,7,328
63,Presidential,3,2634,12,8,328
64,Executive,1,955,2,4,236
64,Executive,2,1719,2,8,236
64,Executive,3,2968,4,5,236
64,Executive,1,972,4,9,236
64,Executive,1,1489,5,12,236
64,Executive,1,1292,5,13,236
64,Executive,1,1907,6,6,236
64,Executive,2,2117,8,2,236
64,Executive,1,173,8,6,236
64,Executive,1,444,8,10,236
64,Executive,2,2210,11,6,236
64,Executive,1,1026,11,9,236
64,Executive,1,517,12,1,236
65,Suite,1,762,1,3,414
65,Suite,1,539,2,14,414
65,Suite,2,2278,3,11,414
65,Suite,1,789,6,12,414
65,Suite,1,263,8,9,414
65,Suite,1,259,9,1,414
65,Suite,1,1297,9,8,414
65,Suite,1,1589,10,3,414
65,Suite,2,953,10,8,414
65,Suite,2,1896,11,14,414
65,Suite,2,1291,12,3,414
65,Suite,1,1450,12,5,414
66,Standard,1,653,1,3,150
66,Standard,1,885,1,6,150
66,Standard,1,364,1,13,150
66,Standard,2,874,3,10,150
66,Standard,2,1978,4,9,150
66,Standard,1,1965,4,14,150
66,Standard,1,1090,5,5,150
66,Standard,2,1562,6,12,150
66,Standard,2,2140,7,8,150
66,Standard,1,1400,7,11,150
66,Standard,1,1812,8,2,150
66,Standard,1,482,8,13,150
66,Standard,1,1122,9,5,150
66,Standard,2,2125,9,10,150
66,Standard,1,1151,10,2,150
66,Standard,1,1063,10,11,150
66,Standard,1,960,11,13,150
66,Standard,1,918,12,1,150
67,Deluxe,2,3521,2,6,226
67,Deluxe,1,631,2,8,226
67,Deluxe,1,673,3,4,226
67,Deluxe,2,2187,3,12,226
67,Deluxe,2,1055,3,13,226
67,Deluxe,2,1365,4,2,226
67,Deluxe,1,516,4,7,226
67,Deluxe,1,1542,4,14,226
67,Deluxe,1,915,6,4,226
67,Deluxe,1,1422,6,10,226
67,Deluxe,1,422,6,12,226
67,Deluxe,2,1988,9,5,226
67,Deluxe,1,834,10,8,226
67,Deluxe,3,2840,11,14,226
68,Suite,1,1119,3,5,222
68,Suite,1,621,4,1,222
68,Suite,2,3297,6,7,222
68,Suite,1,1794,11,3,222
69,Standard,1,1171,2,3,423
69,Standard,1,1102,3,9,423
69,Standard,1,346,4,8,423
69,Standard,1,414,5,13,423
69,Standard,2,1736,7,2,423
69,Standard,3,3380,7,12,423
69,Standard,1,1198,7,13,423
69,Standard,1,1504,8,11,423
69,Standard,1,887,10,1,423
69,Standard,1,1576,10,2,423
69,Standard,1,1021,10,8,423
69,Standard,1,359,10,13,423
69,Standard,1,626,10,14,423
69,Standard,2,3229,11,13,423
70,Deluxe,1,1477,1,5,482
70,Deluxe,2,2369,2,5,482
70,Deluxe,1,1318,3,11,482
70,Deluxe,1,685,4,8,482
70,Deluxe,2,3812,4,13,482
70,Deluxe,1,59,4,14,482
70,Deluxe,1,512,5,11,482
70,Deluxe,1,1308,7,3,482
70,Deluxe,1,73,8,11,482
70,Deluxe,1,1887,9,4,482
70,Deluxe,1,1612,10,9,482
70,Deluxe,1,1766,10,12,482
70,Deluxe,2,2731,11,2,482
70,Deluxe,1,1200,11,3,482
71,Suite,1,779,1,4,230
71,Suite,2,1865,1,7,230
71,Suite,2,1362,2,2,230
71,Suite,1,1092,2,8,230
71,Suite,1,1385,5,9,230
71,Suite,1,144,5,11,230
71,Suite,1,1263,6,7,230
71,Suite,1,1468,7,12,230
71,Suite,1,1763,8,13,230
71,Suite,1,824,11,11,230
71,Suite,1,1079,12,4,230
71,Suite,1,1022,12,6,230
72,Presidential,2,2490,1,12,118
72,Presidential,1,1367,3,2,118
72,Presidential,3,4059,3,8,118
72,Presidential,1,183,4,4,118
72,Presidential,1,1394,4,6,118
72,Presidential,1,379,5,13,118
72,Presidential,2,2163,7,11,118
72,Presidential,1,568,8,2,118
72,Presidential,1,1212,11,1,118
73,Deluxe,2,2539,2,9,326
73,Deluxe,3,3458,2,10,326
73,Deluxe,1,1665,4,8,326
73,Deluxe,1,427,7,13,326
73,Deluxe,1,1713,8,5,326
73,Deluxe,1,1244,10,7,326
73,Deluxe,2,1466,10,8,326
73,Deluxe,1,1948,12,1,326
74,Standard,1,1786,2,9,499
74,Standard,1,562,4,1,499
74,Standard,1,1552,6,11,499
74,Standard,3,4434,7,7,499
74,Standard,1,1394,8,5,499
74,Standard,1,1105,9,3,499
74,Standard,1,879,9,5,499
74,Standard,1,534,11,4,499
74,Standard,1,622,11,12,499
75,Suite,1,169,2,13,231
75,Suite,1,349,4,11,231
75,Suite,2,2333,4,13,231
75,Suite,1,465,5,2,231
75,Suite,2,2712,5,6,231
75,Suite,1,681,6,4,231
75,Suite,1,78,8,12,231
75,Suite,1,731,9,12,231
76,Suite,2,1365,1,3,166
76,Suite,1,1874,2,8,166
76,Suite,1,615,4,11,166
76,Suite,1,113,4,13,166
76,Suite,1,1526,5,5,166
76,Suite,1,285,6,3,166
76,Suite,1,1176,8,8,166
76,Suite,1,1351,10,2,166
77,Deluxe,1,681,1,4,266
77,Deluxe,1,422,2,4,266
77,Deluxe,1,692,2,6,266
77,Deluxe,1,895,3,1,266
77,Deluxe,2,566,3,4,266
77,Deluxe,2,2802,4,10,266
77,Deluxe,1,1017,5,9,266
77,Deluxe,1,583,5,12,266
77,Deluxe,1,1507,8,7,266
77,Deluxe,2,2405,8,13,266
77,Deluxe,2,2228,11,3,266
78,Executive,1,1228,1,11,87
78,Executive,1,679,2,6,87
78,Executive,1,1105,2,8,87
78,Executive,1,1497,4,8,87
78,Executive,1,421,5,12,87
78,Executive,1,390,5,14,87
78,Executive,1,1600,10,14,87
78,Executive,1,979,12,3,87
79,Standard,2,1751,1,3,215
79,Standard,1,1207,1,9,215
79,Standard,1,819,2,11,215
79,Standard,2,746,2,12,215
79,Standard,1,1485,3,5,215
79,Standard,3,5601,4,3,215
79,Standard,1,111,4,13,215
79,Standard,1,1068,6,7,215
79,Standard,1,278,8,7,215
79,Standard,1,912,12,3,215
79,Standard,1,859,12,12,215
80,Presidential,1,1424,1,1,310
80,Presidential,1,1646,1,3,310
80,Presidential,1,466,1,12,310
80,Presidential,2,1418,3,14,310
80,Presidential,2,711,12,3,310
81,Presidential,1,1005,2,3,378
81,Presidential,1,462,2,12,378
81,Presidential,1,1956,3,13,378
81,Presidential,1,894,5,5,378
81,Presidential,2,1845,5,11,378
81,Presidential,3,3889,6,1,378
81,Presidential,1,67,6,9,378
81,Presidential,1,1643,7,9,378
81,Presidential,1,1679,7,13,378
81,Presidential,1,1432,8,2,378
81,Presidential,1,823,10,13,378
81,Presidential,1,417,11,3,378
81,Presidential,1,1079,11,8,378
81,Presidential,1,417,12,6,378
82,Suite,1,178,1,1,177
82,Suite,3,1857,7,12,177
82,Suite,2,2684,8,4,177
82,Suite,1,833,12,6,177
83,Presidential,2,2508,1,8,103
83,Presidential,1,1474,1,9,103
83,Presidential,1,236,1,10,103
83,Presidential,1,1154,5,13,103
83,Presidential,1,1870,6,10,103
83,Presidential,1,1080,7,9,103
83,Presidential,2,1437,7,11,103
83,Presidential,1,433,7,14,103
83,Presidential,2,2085,8,11,103
83,Presidential,1,1191,8,13,103
83,Presidential,1,127,9,14,103
83,Presidential,1,200,10,1,103
83,Presidential,1,270,10,14,103
84,Suite,1,95,1,5,82
84,Suite,1,1371,1,11,82
84,Suite,1,1029,5,9,82
84,Suite,2,1324,11,6,82
84,Suite,1,219,12,8,82
85,Executive,2,2973,1,11,54
85,Executive,1,412,1,14,54
85,Executive,2,233,2,4,54
85,Executive,1,1075,2,7,54
85,Executive,1,536,2,9,54
85,Executive,1,552,6,10,54
85,Executive,2,3085,8,11,54
85,Executive,1,1888,9,10,54
85,Executive,1,297,11,5,54
85,Executive,1,172,12,4,54
86,Presidential,2,1337,1,10,260
86,Presidential,1,490,3,12,260
86,Presidential,1,565,4,9,260
86,Presidential,1,1873,5,12,260
86,Presidential,1,1889,6,8,260
86,Presidential,1,1298,6,14,260
86,Presidential,1,1644,9,10,260
86,Presidential,2,2288,10,7,260
86,Presidential,1,1722,11,3,260
86,Presidential,1,1888,11,9,260
87,Executive,1,932,1,1,195
87,Executive,1,566,1,5,195
87,Executive,1,825,1,6,195
87,Executive,2,1186,2,4,195
87,Executive,1,495,3,3,195
87,Executive,1,670,4,12,195
87,Executive,1,1285,8,1,195
87,Executive,2,2429,9,4,195
87,Executive,2,3441,10,11,195
87,Executive,2,2450,11,8,195
87,Executive,1,1626,12,1,195
87,Executive,1,1720,12,2,195
87,Executive,4,5146,12,6,195
87,Executive,3,4434,12,13,195
88,Deluxe,1,1672,1,7,77
88,Deluxe,1,1859,1,8,77
88,Deluxe,1,1390,1,10,77
88,Deluxe,1,606,2,10,77
88,Deluxe,3,3063,5,2,77
88,Deluxe,1,1051,5,3,77
88,Deluxe,1,907,6,11,77
88,Deluxe,1,481,8,2,77
88,Deluxe,2,2047,8,12,77
88,Deluxe,1,1077,8,13,77
88,Deluxe,2,2870,9,8,77
88,Deluxe,1,1390,11,1,77
88,Deluxe,1,356,12,2,77
89,Executive,1,805,2,3,111
89,Executive,1,848,2,5,111
89,Executive,1,475,3,2,111
89,Executive,1,357,6,1,111
89,Executive,2,1352,6,4,111
89,Executive,1,694,8,2,111
89,Executive,2,1411,10,3,111
89,Executive,1,1290,10,10,111
90,Deluxe,2,1069,2,13,200
90,Deluxe,1,1925,3,8,200
90,Deluxe,1,1780,5,4,200
90,Deluxe,4,3914,6,8,200
90,Deluxe,3,2665,6,9,200
90,Deluxe,1,1190,6,14,200
90,Deluxe,1,537,7,8,200
90,Deluxe,1,208,9,14,200
90,Deluxe,1,1070,10,11,200
90,Deluxe,1,292,11,8,200
90,Deluxe,1,332,12,2,200
90,Deluxe,2,2495,12,13,200
91,Executive,2,1890,1,6,150
91,Executive,1,1425,3,11,150
91,Executive,1,1132,3,14,150
91,Executive,1,1856,4,2,150
91,Executive,2,1453,6,6,150
91,Executive,1,1163,6,10,150
91,Executive,3,2347,6,12,150
91,Executive,1,345,6,14,150
91,Executive,1,682,7,11,150
91,Executive,2,1389,8,12,150
91,Executive,1,311,10,10,150
91,Executive,1,1981,11,9,150
91,Executive,1,288,12,11,150
92,Standard,2,2229,1,4,157
92,Standard,1,1542,2,1,157
92,Standard,1,1789,3,3,157
92,Standard,1,393,4,1,157
92,Standard,1,132,4,7,157
92,Standard,1,1003,4,13,157
92,Standard,1,974,8,5,157
92,Standard,1,1880,10,3,157
92,Standard,1,233,10,11,157
92,Standard,1,1935,10,13,157
92,Standard,1,559,11,1,157
92,Standard,2,3342,11,11,157
92,Standard,1,1114,12,12,157
93,Suite,1,1728,1,7,156
93,Suite,1,888,4,6,156
93,Suite,2,558,5,1,156
93,Suite,1,229,6,8,156
93,Suite,1,1664,8,7,156
93,Suite,1,1774,11,2,156
93,Suite,1,1488,12,9,156
94,Deluxe,1,1234,1,1,485
94,Deluxe,1,927,1,8,485
94,Deluxe,1,178,1,9,485
94,Deluxe,1,1276,4,9,485
94,Deluxe,1,916,5,1,485
94,Deluxe,1,1862,7,11,485
94,Deluxe,1,1666,8,4,485
94,Deluxe,1,769,8,13,485
94,Deluxe,1,396,12,6,485
95,Standard,1,1821,2,3,466
95,Standard,1,1449,4,10,466
95,Standard,2,1625,6,11,466
95,Standard,1,1872,12,13,466
96,Suite,1,105,2,2,65
96,Suite,1,1125,2,13,65
96,Suite,1,1026,4,1,65
96,Suite,2,1675,4,11,65
96,Suite,3,1516,6,5,65
96,Suite,1,600,7,3,65
96,Suite,1,1302,9,8,65
97,Standard,3,4115,1,9,227
97,Standard,2,2571,3,5,227
97,Standard,1,656,4,7,227
97,Standard,1,1370,6,3,227
97,Standard,1,1584,6,8,227
97,Standard,2,1555,7,2,227
97,Standard,2,1860,8,5,227
97,Standard,1,728,8,8,227
97,Standard,1,538,9,5,227
97,Standard,1,894,11,2,227
97,Standard,2,3516,12,4,227
98,Presidential,1,514,1,4,280
98,Presidential,1,1111,1,11,280
98,Presidential,2,3312,5,13,280
98,Presidential,1,1615,6,10,280
98,Presidential,1,345,7,9,280
98,Presidential,1,653,8,11,280
98,Presidential,1,733,10,2,280
98,Presidential,2,1884,11,2,280
98,Presidential,1,193,11,11,280
98,Presidential,1,540,12,3,280
99,Deluxe,1,468,1,1,393
99,Deluxe,1,550,1,8,393
99,Deluxe,1,837,2,2,393
99,Deluxe,1,182,3,8,393
99,Deluxe,1,919,3,14,393
99,Deluxe,4,4011,5,9,393
99,Deluxe,1,1386,6,1,393
99,Deluxe,1,541,6,7,393
99,Deluxe,2,596,6,12,393
99,Deluxe,1,1118,6,14,393
99,Deluxe,1,1822,7,1,393
99,Deluxe,3,3461,10,1,393
99,Deluxe,2,784,11,4,393
99,Deluxe,1,849,11,9,393
100,Suite,1,64,1,1,87
100,Suite,1,1088,1,6,87
100,Suite,3,3059,2,14,87
100,Suite,2,1477,5,9,87
100,Suite,1,926,5,11,87
100,Suite,7,6954,6,5,87
100,Suite,1,1340,6,6,87
100,Suite,2,2699,7,4,87
100,Suite,3,4126,7,5,87
100,Suite,1,1769,7,7,87
100,Suite,1,1633,8,1,87
100,Suite,4,4203,8,6,87
100,Suite,1,368,10,6,87
100,Suite,1,860,11,12,87
100,Suite,1,1134,11,13,87
101,Executive,1,1143,1,5,198
101,Executive,2,2572,1,8,198
101,Executive,1,836,3,6,198
101,Executive,2,3426,5,14,198
101,Executive,1,943,7,1,198
101,Executive,2,1395,10,7,198
102,Standard,4,3586,1,14,102
102,Standard,1,1252,2,12,102
102,Standard,2,693,4,6,102
102,Standard,1,1582,4,9,102
102,Standard,1,571,6,5,102
102,Standard,2,971,6,8,102
102,Standard,1,537,7,3,102
102,Standard,2,1308,8,3,102
102,Standard,1,245,8,9,102
102,Standard,1,1085,9,7,102
102,Standard,2,1733,9,9,102
102,Standard,1,1919,12,8,102
102,Standard,1,1592,12,13,102
103,Suite,1,542,1,6,297
103,Suite,1,699,2,14,297
103,Suite,1,1132,3,2,297
103,Suite,1,664,3,4,297
103,Suite,1,1487,4,4,297
103,Suite,1,1594,6,5,297
103,Suite,2,3034,6,10,297
103,Suite,2,2145,7,4,297
103,Suite,1,1121,7,11,297
103,Suite,1,316,9,10,297
103,Suite,1,1305,11,1,297
104,Suite,2,1340,1,3,429
104,Suite,1,103,2,2,429
104,Suite,1,1689,3,7,429
104,Suite,1,1212,4,10,429
104,Suite,1,1588,6,11,429
104,Suite,1,98,8,4,429
104,Suite,1,1489,8,9,429
104,Suite,1,723,9,4,429
104,Suite,1,1308,9,7,429
104,Suite,2,1663,10,1,429
104,Suite,1,1630,10,2,429
104,Suite,1,1282,10,14,429
104,Suite,1,104,11,5,429
105,Executive,1,812,1,2,366
105,Executive,1,1840,2,11,366
105,Executive,1,1554,4,12,366
105,Executive,2,2102,5,6,366
105,Executive,1,1939,6,10,366
105,Executive,1,682,7,3,366
105,Executive,2,3255,8,9,366
105,Executive,2,2301,8,11,366
105,Executive,1,731,9,5,366
106,Suite,2,999,2,7,449
106,Suite,1,734,2,8,449
106,Suite,1,1904,4,1,449
106,Suite,1,649,5,9,449
106,Suite,1,859,8,12,449
106,Suite,1,462,9,1,449
106,Suite,2,2278,10,14,449
106,Suite,1,223,11,3,449
107,Suite,1,1707,2,2,320
107,Suite,2,1816,2,4,320
107,Suite,1,1875,4,3,320
107,Suite,1,156,4,13,320
107,Suite,1,640,8,11,320
107,Suite,2,2616,9,10,320
107,Suite,1,1386,12,10,320
107,Suite,2,1740,12,12,320
107,Suite,1,983,12,14,320
108,Executive,2,2451,2,4,358
108,Executive,1,1152,3,11,358
108,Executive,3,975,5,8,358
108,Executive,2,2699,6,8,358
108,Executive,1,1880,7,5,358
108,Executive,2,1090,7,7,358
108,Executive,1,590,9,5,358
108,Executive,1,1029,12,11,358
109,Suite,1,212,2,2,212
109,Suite,1,1594,3,11,212
109,Suite,1,1747,4,2,212
109,Suite,1,1829,4,8,212
109,Suite,1,643,5,6,212
109,Suite,1,1870,7,5,212
109,Suite,2,875,8,5,212
109,Suite,1,197,9,12,212
110,Presidential,1,545,1,9,244
110,Presidential,1,1048,2,3,244
110,Presidential,1,532,3,1,244
110,Presidential,1,1029,4,13,244
110,Presidential,1,1777,5,4,244
110,Presidential,1,358,5,9,244
110,Presidential,1,709,5,10,244
110,Presidential,1,1253,5,13,244
110,Presidential,1,990,5,14,244
110,Presidential,1,467,6,5,244
110,Presidential,1,385,6,12,244
110,Presidential,2,2501,9,13,244
111,Presidential,1,1613,1,3,445
111,Presidential,1,606,2,5,445
111,Presidential,1,1246,2,7,445
111,Presidential,1,218,6,13,445
111,Presidential,1,1292,9,4,445
111,Presidential,2,2213,9,11,445
111,Presidential,1,1457,9,14,445
111,Presidential,1,1052,10,11,445
111,Presidential,1,630,11,2,445
111,Presidential,1,478,12,11,445
112,Deluxe,3,1869,3,2,304
112,Deluxe,1,1931,3,5,304
112,Deluxe,2,2297,3,6,304
112,Deluxe,1,545,6,8,304
112,Deluxe,1,547,6,11,304
112,Deluxe,1,1432,7,7,304
112,Deluxe,1,1245,8,2,304
112,Deluxe,1,795,8,11,304
112,Deluxe,1,211,8,13,304
112,Deluxe,2,1925,9,7,304
112,Deluxe,1,1291,11,7,304
112,Deluxe,1,796,12,10,304
112,Deluxe,1,1641,12,13,304
113,Presidential,1,478,1,5,423
113,Presidential,1,1122,1,7,423
113,Presidential,1,1446,1,10,423
113,Presidential,1,496,2,8,423
113,Presidential,1,1900,3,5,423
113,Presidential,1,1550,6,14,423
113,Presidential,1,1118,7,12,423
113,Presidential,1,394,9,10,423
113,Presidential,3,3753,12,2,423
113,Presidential,2,958,12,12,423
114,Executive,2,2101,1,1,219
114,Executive,4,2978,1,10,219
114,Executive,3,1869,1,12,219
114,Executive,1,251,2,7,219
114,Executive,1,137,2,13,219
114,Executive,2,1021,4,5,219
114,Executive,1,1334,4,7,219
114,Executive,3,1942,5,1,219
114,Executive,2,863,5,2,219
114,Executive,1,74,6,14,219
114,Executive,1,93,7,3,219
114,Executive,1,615,8,4,219
114,Executive,1,1340,8,5,219
114,Executive,2,2490,8,7,219
114,Executive,1,1533,10,1,219
114,Executive,1,124,11,2,219
114,Executive,2,2170,11,6,219
115,Suite,1,697,1,13,312
115,Suite,1,1498,2,9,312
115,Suite,1,871,3,4,312
115,Suite,2,1574,4,4,312
115,Suite,1,1333,4,9,312
115,Suite,1,1126,6,13,312
115,Suite,1,925,7,4,312
115,Suite,1,1824,7,7,312
115,Suite,2,1071,7,10,312
115,Suite,2,2136,8,10,312
115,Suite,1,1042,9,4,312
116,Presidential,1,1843,1,11,53
116,Presidential,1,1947,2,7,53
116,Presidential,1,472,4,7,53
116,Presidential,1,742,4,10,53
116,Presidential,1,70,6,4,53
116,Presidential,1,220,7,5,53
116,Presidential,2,2250,7,6,53
116,Presidential,1,1553,8,12,53
116,Presidential,1,645,9,5,53
116,Presidential,2,2065,10,1,53
116,Presidential,1,283,10,3,53
116,Presidential,1,1910,11,7,53
117,Deluxe,1,304,1,9,52
117,Deluxe,1,1186,6,10,52
117,Deluxe,2,1320,6,13,52
117,Deluxe,1,843,7,8,52
117,Deluxe,1,1200,7,13,52
117,Deluxe,1,1794,8,12,52
117,Deluxe,3,1984,9,3,52
117,Deluxe,3,2635,10,1,52
117,Deluxe,1,1101,10,14,52
117,Deluxe,3,4343,11,8,52
118,Executive,2,2755,2,9,415
118,Executive,1,1095,4,9,415
118,Executive,1,696,5,4,415
118,Executive,2,1640,5,10,415
118,Executive,1,125,7,9,415
118,Executive,1,1407,11,1,415
118,Executive,2,812,11,5,415
119,Executive,2,3565,1,5,366
119,Executive,1,1438,3,14,366
119,Executive,1,1729,4,10,366
119,Executive,2,1138,5,1,366
119,Executive,2,2658,6,12,366
119,Executive,1,191,7,3,366
119,Executive,3,2618,7,7,366
119,Executive,1,216,9,5,366
119,Executive,3,2925,10,1,366
120,Executive,1,928,1,7,291
120,Executive,1,725,2,8,291
120,Executive,2,1552,3,10,291
120,Executive,1,58,4,5,291
120,Executive,3,1798,6,2,291
120,Executive,1,535,7,2,291
120,Executive,2,2920,7,14,291
120,Executive,1,1922,8,8,291
120,Executive,1,1641,9,11,291
120,Executive,1,1100,12,12,291
121,Executive,1,120,1,9,70
121,Executive,1,77,2,5,70
121,Executive,1,1992,4,5,70
121,Executive,1,1474,7,10,70
121,Executive,2,1881,8,3,70
121,Executive,1,976,8,7,70
121,Executive,1,1313,9,13,70
121,Executive,1,1906,9,14,70
122,Presidential,1,1758,1,1,414
122,Presidential,1,693,2,14,414
122,Presidential,2,2912,5,2,414
122,Presidential,2,2208,7,13,414
122,Presidential,1,1875,7,14,414
122,Presidential,1,865,9,11,414
122,Presidential,2,1369,10,1,414
123,Deluxe,1,1528,1,8,446
123,Deluxe,1,450,3,4,446
123,Deluxe,3,3182,3,14,446
123,Deluxe,1,587,4,12,446
123,Deluxe,1,1215,8,13,446
123,Deluxe,1,367,11,7,446
123,Deluxe,2,1027,12,5,446
123,Deluxe,1,166,12,13,446
124,Deluxe,1,447,1,11,118
124,Deluxe,1,596,3,2,118
124,Deluxe,2,1858,3,14,118
124,Deluxe,2,1516,4,12,118
124,Deluxe,2,1641,4,13,118
124,Deluxe,2,489,5,8,118
124,Deluxe,1,623,8,2,118
124,Deluxe,1,395,9,1,118
124,Deluxe,1,283,9,5,118
124,Deluxe,1,816,9,13,118
124,Deluxe,1,766,9,14,118
124,Deluxe,1,1318,10,6,118
124,Deluxe,1,1227,10,13,118
124,Deluxe,1,268,11,1,118
125,Executive,1,1466,1,4,165
125,Executive,1,1683,2,8,165
125,Executive,1,452,3,14,165
125,Executive,1,1138,6,2,165
125,Executive,1,837,6,8,165
125,Executive,3,3048,7,1,165
125,Executive,1,668,8,2,165
125,Executive,1,771,8,12,165
125,Executive,2,2179,9,2,165
125,Executive,2,2527,10,10,165
125,Executive,2,1943,11,10,165
125,Executive,1,535,12,7,165
126,Suite,1,704,1,11,176
126,Suite,1,146,2,4,176
126,Suite,1,317,3,2,176
126,Suite,3,2910,3,7,176
126,Suite,1,222,3,11,176
126,Suite,1,521,4,4,176
126,Suite,1,404,5,2,176
126,Suite,1,398,6,1,176
126,Suite,2,1621,6,2,176
126,Suite,1,1356,8,2,176
126,Suite,2,2166,8,7,176
126,Suite,3,3825,9,9,176
126,Suite,1,1545,10,1,176
126,Suite,1,426,10,5,176
126,Suite,1,339,11,8,176
126,Suite,1,601,12,8,176
126,Suite,1,527,12,13,176
127,Presidential,1,1833,1,1,402
127,Presidential,1,315,1,10,402
127,Presidential,1,1328,2,8,402
127,Presidential,1,611,4,6,402
127,Presidential,1,1394,4,12,402
127,Presidential,1,308,5,10,402
127,Presidential,1,1657,6,7,402
127,Presidential,1,1716,6,10,402
127,Presidential,1,770,6,11,402
127,Presidential,1,1567,6,14,402
127,Presidential,1,1026,8,3,402
127,Presidential,2,724,9,5,402
127,Presidential,1,1949,9,9,402
127,Presidential,1,759,10,2,402
127,Presidential,2,736,10,7,402
127,Presidential,1,1992,11,3,402
127,Presidential,1,1303,11,4,402
128,Deluxe,1,594,1,12,470
128,Deluxe,1,1111,3,3,470
128,Deluxe,1,750,4,1,470
128,Deluxe,1,405,4,4,470
128,Deluxe,1,1265,4,6,470
128,Deluxe,1,480,7,3,470
128,Deluxe,2,2321,7,13,470
128,Deluxe,1,1026,8,10,470
128,Deluxe,1,1385,10,14,470
128,Deluxe,1,310,11,4,470
128,Deluxe,2,321,12,7,470
129,Standard,2,2273,1,1,173
129,Standard,1,1982,1,2,173
129,Standard,2,2972,1,11,173
129,Standard,2,3028,2,2,173
129,Standard,2,2045,2,6,173
129,Standard,1,1590,2,12,173
129,Standard,2,2881,5,2,173
129,Standard,1,1378,5,9,173
129,Standard,1,558,5,13,173
129,Standard,1,122,6,8,173
129,Standard,1,693,6,11,173
129,Standard,1,1660,7,8,173
129,Standard,2,1339,7,11,173
129,Standard,1,181,9,12,173
129,Standard,1,847,9,14,173
129,Standard,2,1032,10,4,173
129,Standard,1,540,11,1,173
129,Standard,1,1073,12,4,173
130,Executive,1,475,1,1,86
130,Executive,1,693,1,11,86
130,Executive,1,1537,2,5,86
130,Executive,1,1694,3,4,86
130,Executive,1,908,3,8,86
130,Executive,1,1743,4,5,86
130,Executive,5,4797,5,13,86
130,Executive,1,778,6,2,86
130,Executive,3,2593,6,12,86
130,Executive,1,965,7,11,86
130,Executive,1,856,9,9,86
130,Executive,1,129,11,2,86
130,Executive,1,427,11,6,86
130,Executive,3,2793,12,10,86
131,Executive,2,631,2,3,464
131,Executive,1,1835,3,11,464
131,Executive,1,1766,7,2,464
131,Executive,1,345,7,9,464
131,Executive,1,233,9,3,464
131,Executive,3,979,12,8,464
131,Executive,2,3129,12,10,464
132,Suite,2,1813,4,6,98
132,Suite,2,1796,4,7,98
132,Suite,3,3690,6,4,98
132,Suite,1,715,7,5,98
132,Suite,2,1644,7,8,98
132,Suite,1,1441,7,9,98
132,Suite,2,3815,7,11,98
132,Suite,1,475,11,3,98
132,Suite,1,421,11,9,98
133,Presidential,1,1292,2,3,79
133,Presidential,2,1615,2,8,79
133,Presidential,1,1987,3,12,79
133,Presidential,1,1809,4,8,79
133,Presidential,1,1529,4,9,79
133,Presidential,1,1852,5,13,79
133,Presidential,1,1370,7,1,79
133,Presidential,1,112,7,4,79
133,Presidential,2,2072,10,8,79
133,Presidential,1,677,11,4,79
133,Presidential,1,113,11,6,79
133,Presidential,2,2629,11,9,79
133,Presidential,1,1446,12,2,79
134,Presidential,1,1787,1,6,51
134,Presidential,1,1312,1,9,51
134,Presidential,3,3380,2,1,51
134,Presidential,1,1875,2,12,51
134,Presidential,1,441,3,13,51
134,Presidential,1,1214,5,7,51
134,Presidential,1,1794,6,2,51
134,Presidential,1,1631,6,12,51
134,Presidential,2,1653,8,2,51
134,Presidential,1,1566,8,14,51
134,Presidential,1,908,9,1,51
134,Presidential,2,2626,10,7,51
134,Presidential,1,1926,12,1,51
135,Suite,1,1304,2,4,355
135,Suite,1,1530,3,2,355
135,Suite,2,2028,3,9,355
135,Suite,1,1713,5,6,355
135,Suite,1,578,6,1,355
135,Suite,1,479,7,10,355
135,Suite,2,3136,8,8,355
135,Suite,1,1421,8,9,355
135,Suite,1,959,8,12,355
135,Suite,1,1908,11,4,355
135,Suite,2,2139,11,13,355
136,Deluxe,1,1221,1,2,387
136,Deluxe,2,2320,2,2,387
136,Deluxe,1,1177,2,14,387
136,Deluxe,1,242,3,9,387
136,Deluxe,2,884,4,1,387
136,Deluxe,1,131,4,11,387
136,Deluxe,2,788,5,7,387
136,Deluxe,1,448,5,9,387
136,Deluxe,1,1543,8,4,387
136,Deluxe,3,1719,8,6,387
136,Deluxe,2,1671,8,8,387
136,Deluxe,1,866,11,3,387
136,Deluxe,1,86,11,10,387
136,Deluxe,2,1802,12,12,387
137,Presidential,1,1961,1,4,83
137,Presidential,1,351,1,14,83
137,Presidential,1,231,2,7,83
137,Presidential,1,1556,4,9,83
137,Presidential,1,1010,4,13,83
137,Presidential,2,2211,6,1,83
137,Presidential,1,933,9,8,83
137,Presidential,1,1112,10,8,83
137,Presidential,2,2131,10,11,83
137,Presidential,1,221,11,9,83
137,Presidential,2,1549,12,11,83
138,Standard,1,94,2,14,191
138,Standard,2,2485,4,2,191
138,Standard,1,340,6,14,191
138,Standard,1,1464,7,6,191
138,Standard,2,2165,8,4,191
138,Standard,1,533,8,10,191
138,Standard,1,129,10,2,191
138,Standard,1,943,10,11,191
138,Standard,1,1057,11,13,191
138,Standard,1,166,12,13,191
139,Executive,2,2068,2,11,429
139,Executive,1,1967,3,13,429
139,Executive,1,1821,4,11,429
139,Executive,2,2964,5,2,429
139,Executive,2,1387,6,6,429
139,Executive,1,369,8,6,429
139,Executive,2,2642,10,13,429
139,Executive,1,1564,11,4,429
139,Executive,1,553,11,9,429
140,Standard,1,1336,1,12,290
140,Standard,1,401,2,14,290
140,Standard,1,1090,3,8,290
140,Standard,2,1038,4,1,290
140,Standard,1,1965,4,8,290
140,Standard,1,1617,5,3,290
140,Standard,2,1100,5,13,290
140,Standard,2,1943,7,7,290
140,Standard,1,626,9,6,290
140,Standard,2,2232,10,12,290
140,Standard,1,1106,12,5,290
141,Standard,1,1657,1,2,494
141,Standard,1,1031,2,4,494
141,Standard,1,1842,2,8,494
141,Standard,1,83,8,1,494
141,Standard,1,1191,9,5,494
141,Standard,1,691,10,7,494
141,Standard,1,355,10,13,494
141,Standard,1,209,11,3,494
141,Standard,1,1444,12,1,494
141,Standard,2,1212,12,13,494
142,Executive,2,1502,1,4,403
142,Executive,2,2468,2,10,403
142,Executive,1,731,6,1,403
142,Executive,1,1448,6,10,403
142,Executive,1,584,6,11,403
142,Executive,1,380,7,13,403
142,Executive,1,366,8,6,403
142,Executive,1,372,8,8,403
142,Executive,1,457,9,10,403
142,Executive,1,323,11,8,403
143,Presidential,1,1113,2,5,162
143,Presidential,2,1492,3,13,162
143,Presidential,1,1494,9,1,162
143,Presidential,2,1916,10,9,162
143,Presidential,1,1220,11,1,162
143,Presidential,3,3829,11,10,162
144,Suite,1,280,1,2,109
144,Suite,1,727,2,7,109
144,Suite,1,1121,2,10,109
144,Suite,1,272,2,12,109
144,Suite,1,185,4,3,109
144,Suite,1,1196,5,1,109
144,Suite,1,1567,5,2,109
144,Suite,1,199,5,10,109
144,Suite,3,3867,6,8,109
144,Suite,2,1645,8,3,109
144,Suite,1,1301,9,3,109
144,Suite,1,1066,9,7,109
144,Suite,1,551,9,8,109
144,Suite,3,5208,9,13,109
144,Suite,2,3649,10,11,109
144,Suite,1,1898,11,11,109
144,Suite,1,237,12,11,109
145,Deluxe,2,2424,1,7,133
145,Deluxe,2,2143,2,6,133
145,Deluxe,1,1954,3,7,133
145,Deluxe,1,1562,6,8,133
145,Deluxe,1,1878,6,9,133
145,Deluxe,2,1351,7,10,133
145,Deluxe,1,344,8,10,133
145,Deluxe,1,1148,9,12,133
145,Deluxe,1,1411,10,12,133
145,Deluxe,3,4686,12,13,133
146,Presidential,1,1203,1,9,69
146,Presidential,1,1401,1,14,69
146,Presidential,2,1196,2,12,69
146,Presidential,1,1930,4,13,69
146,Presidential,1,105,6,1,69
146,Presidential,1,100,6,3,69
146,Presidential,1,651,6,4,69
146,Presidential,1,72,7,8,69
146,Presidential,1,1879,9,2,69
146,Presidential,1,1879,9,14,69
146,Presidential,2,948,11,5,69
146,Presidential,1,637,11,8,69
147,Presidential,1,1899,3,5,356
147,Presidential,2,2054,3,8,356
147,Presidential,3,4027,6,7,356
147,Presidential,1,268,7,6,356
147,Presidential,1,510,9,9,356
147,Presidential,1,1251,10,1,356
147,Presidential,1,1103,11,11,356
147,Presidential,2,1082,12,4,356
147,Presidential,2,2077,12,12,356
148,Executive,1,822,1,1,432
148,Executive,1,1214,4,9,432
148,Executive,1,1473,5,2,432
148,Executive,1,1500,6,5,432
148,Executive,1,1874,6,9,432
148,Executive,1,1396,7,9,432
148,Executive,1,1112,9,1,432
148,Executive,1,545,10,1,432
148,Executive,1,533,10,11,432
148,Executive,2,3203,11,11,432
148,Executive,1,1789,12,4,432
149,Standard,1,1597,3,1,186
149,Standard,1,928,4,13,186
149,Standard,1,813,12,2,186
150,Presidential,2,2080,1,10,130
150,Presidential,1,1420,2,10,130
150,Presidential,1,1918,2,14,130
150,Presidential,1,935,4,1,130
150,Presidential,1,1191,5,7,130
150,Presidential,1,338,5,13,130
150,Presidential,1,1213,6,1,130
150,Presidential,1,617,7,9,130
150,Presidential,1,1373,8,8,130
150,Presidential,1,99,8,11,130
150,Presidential,1,1865,8,14,130
150,Presidential,1,588,9,7,130
150,Presidential,1,782,9,13,130
150,Presidential,4,4244,10,1,130
150,Presidential,1,888,11,8,130
150,Presidential,3,3215,11,12,130
151,Standard,1,1679,3,1,209
151,Standard,1,378,4,8,209
151,Standard,1,1997,5,6,209
151,Standard,1,940,6,12,209
151,Standard,1,1791,8,11,209
151,Standard,1,1573,9,12,209
151,Standard,2,2420,10,1,209
151,Standard,1,511,10,10,209
151,Standard,1,1849,12,3,209
152,Suite,1,700,1,1,301
152,Suite,1,1051,1,8,301
152,Suite,1,500,4,11,301
152,Suite,1,1819,6,1,301
152,Suite,2,576,6,6,301
152,Suite,1,1976,6,11,301
152,Suite,1,681,11,2,301
153,Executive,1,617,1,1,458
153,Executive,1,1807,2,2,458
153,Executive,1,1746,2,9,458
153,Executive,2,1665,3,6,458
153,Executive,1,165,4,3,458
153,Executive,1,1739,4,10,458
153,Executive,2,799,6,13,458
153,Executive,1,458,7,4,458
153,Executive,2,2194,8,14,458
153,Executive,2,1284,9,2,458
153,Executive,3,2880,9,4,458
153,Executive,1,381,9,5,458
153,Executive,1,1030,9,8,458
153,Executive,1,1701,10,7,458
153,Executive,1,1821,11,3,458
153,Executive,1,765,11,4,458
153,Executive,1,1856,11,9,458
153,Executive,1,524,11,14,458
153,Executive,1,1465,12,8,458
154,Presidential,1,538,1,12,446
154,Presidential,1,1527,2,2,446
154,Presidential,2,748,2,5,446
154,Presidential,1,1318,3,1,446
154,Presidential,1,1609,3,9,446
154,Presidential,2,1247,4,3,446
154,Presidential,1,1147,6,6,446
154,Presidential,1,510,7,8,446
154,Presidential,1,634,7,12,446
154,Presidential,1,858,7,14,446
154,Presidential,1,948,8,1,446
154,Presidential,1,1156,8,5,446
154,Presidential,1,537,8,8,446
154,Presidential,1,1608,8,10,446
154,Presidential,1,387,9,2,446
154,Presidential,1,804,9,14,446
154,Presidential,2,1024,10,1,446
154,Presidential,1,838,11,5,446
154,Presidential,1,1914,12,6,446
155,Suite,1,341,2,5,272
155,Suite,1,1567,2,10,272
155,Suite,1,1100,4,7,272
155,Suite,1,63,7,3,272
155,Suite,2,2316,7,10,272
155,Suite,1,1034,8,3,272
155,Suite,1,1117,8,6,272
155,Suite,2,1380,8,10,272
155,Suite,1,1458,8,14,272
155,Suite,2,2825,10,4,272
155,Suite,1,1243,11,13,272
155,Suite,1,1647,12,3,272
155,Suite,1,915,12,4,272
155,Suite,2,3093,12,11,272
155,Suite,1,1091,12,13,272
156,Standard,1,1436,1,3,463
156,Standard,3,1849,2,9,463
156,Standard,1,1029,4,3,463
156,Standard,1,134,5,1,463
156,Standard,2,854,5,14,463
156,Standard,1,625,7,11,463
156,Standard,1,227,9,4,463
156,Standard,2,2036,9,6,463
156,Standard,1,465,9,12,463
156,Standard,1,586,10,10,463
156,Standard,1,1388,10,14,463
156,Standard,1,1393,12,4,463
157,Executive,1,223,1,7,301
157,Executive,1,1424,1,13,301
157,Executive,1,248,2,3,301
157,Executive,1,208,2,8,301
157,Executive,1,1693,4,1,301
157,Executive,2,671,6,8,301
157,Executive,1,134,7,4,301
157,Executive,3,3096,10,14,301
158,Deluxe,1,210,3,8,331
158,Deluxe,2,1029,6,4,331
158,Deluxe,1,1437,6,6,331
158,Deluxe,2,1339,8,5,331
158,Deluxe,2,2654,10,12,331
158,Deluxe,2,1142,11,7,331
158,Deluxe,2,2146,12,9,331
159,Executive,2,1923,1,3,70
159,Executive,2,1106,1,9,70
159,Executive,2,1866,1,13,70
159,Executive,1,1996,1,14,70
159,Executive,2,3003,2,12,70
159,Executive,5,7775,5,7,70
159,Executive,1,775,5,14,70
159,Executive,1,1412,6,12,70
159,Executive,1,636,7,1,70
159,Executive,1,716,10,14,70
159,Executive,1,1237,12,5,70
160,Deluxe,1,1529,1,14,371
160,Deluxe,2,2885,2,2,371
160,Deluxe,1,240,3,1,371
160,Deluxe,2,2215,3,12,371
160,Deluxe,1,260,4,5,371
160,Deluxe,2,2209,5,10,371
160,Deluxe,1,638,6,3,371
160,Deluxe,1,594,7,2,371
160,Deluxe,2,3067,8,3,371
160,Deluxe,1,665,8,9,371
160,Deluxe,1,1100,10,9,371
160,Deluxe,1,1280,12,3,371
160,Deluxe,1,239,12,8,371
160,Deluxe,1,1033,12,10,371
161,Presidential,1,771,2,2,306
161,Presidential,1,1724,2,4,306
161,Presidential,3,3995,2,8,306
161,Presidential,1,460,4,12,306
161,Presidential,1,267,6,5,306
161,Presidential,1,933,6,14,306
161,Presidential,1,876,10,13,306
161,Presidential,1,1544,11,5,306
161,Presidential,1,723,12,8,306
162,Deluxe,2,3119,5,8,230
162,Deluxe,1,1081,6,8,230
162,Deluxe,1,1888,6,13,230
162,Deluxe,1,927,10,4,230
162,Deluxe,3,2611,12,2,230
163,Deluxe,1,1619,2,10,480
163,Deluxe,1,918,3,11,480
163,Deluxe,1,663,5,13,480
163,Deluxe,1,1193,7,6,480
163,Deluxe,2,2719,7,10,480
163,Deluxe,1,264,8,8,480
163,Deluxe,2,3439,9,4,480
163,Deluxe,1,229,11,2,480
164,Executive,2,3510,1,4,320
164,Executive,1,1181,3,4,320
164,Executive,1,1395,3,9,320
164,Executive,1,1925,3,11,320
164,Executive,3,3046,5,10,320
164,Executive,1,1753,10,11,320
164,Executive,1,1619,12,8,320
165,Presidential,1,1682,1,9,335
165,Presidential,2,410,3,7,335
165,Presidential,1,327,4,1,335
165,Presidential,2,1985,6,11,335
165,Presidential,1,1388,6,13,335
165,Presidential,2,1780,6,14,335
165,Presidential,1,1728,7,1,335
166,Executive,1,1685,1,14,310
166,Executive,1,1121,2,7,310
166,Executive,3,4539,3,1,310
166,Executive,1,538,3,5,310
166,Executive,1,1490,6,13,310
166,Executive,1,674,8,3,310
167,Executive,1,516,1,4,284
167,Executive,1,526,2,3,284
167,Executive,1,790,2,12,284
167,Executive,2,1932,4,6,284
167,Executive,1,115,5,6,284
167,Executive,1,647,5,10,284
167,Executive,1,704,6,2,284
167,Executive,1,1087,7,3,284
167,Executive,1,848,9,4,284
167,Executive,1,712,9,8,284
167,Executive,1,1228,10,6,284
168,Suite,1,1088,3,10,89
168,Suite,1,734,4,12,89
168,Suite,2,1511,5,4,89
168,Suite,1,1477,5,5,89
168,Suite,1,722,5,6,89
168,Suite,1,904,7,3,89
168,Suite,1,1175,7,10,89
168,Suite,1,1121,8,10,89
168,Suite,1,1937,9,4,89
168,Suite,3,4193,10,14,89
168,Suite,1,820,11,6,89
168,Suite,1,820,11,10,89
169,Standard,1,1752,3,7,398
169,Standard,1,514,4,1,398
169,Standard,1,829,4,7,398
169,Standard,1,1495,5,4,398
169,Standard,3,854,5,5,398
169,Standard,1,1967,6,10,398
169,Standard,1,445,6,11,398
169,Standard,1,246,9,14,398
169,Standard,1,165,11,9,398
169,Standard,1,1426,11,14,398
169,Standard,1,1147,12,14,398
170,Deluxe,1,1638,2,1,415
170,Deluxe,1,219,2,4,415
170,Deluxe,2,2949,4,3,415
170,Deluxe,1,1320,5,1,415
170,Deluxe,1,1226,5,8,415
170,Deluxe,1,495,5,9,415
170,Deluxe,1,464,6,7,415
170,Deluxe,1,1859,7,5,415
170,Deluxe,1,520,8,7,415
170,Deluxe,3,2386,8,8,415
170,Deluxe,1,1680,9,6,415
170,Deluxe,1,336,10,2,415
170,Deluxe,1,1499,11,5,415
170,Deluxe,2,2964,12,6,415
171,Standard,1,1184,1,4,229
171,Standard,1,1888,1,5,229
171,Standard,1,1536,1,7,229
171,Standard,2,1995,2,8,229
171,Standard,3,1577,2,10,229
171,Standard,1,722,2,14,229
171,Standard,1,1768,4,7,229
171,Standard,2,2305,6,11,229
171,Standard,1,1012,7,2,229
171,Standard,1,1826,9,7,229
171,Standard,1,1326,10,2,229
171,Standard,1,1456,10,12,229
171,Standard,1,290,11,5,229
172,Presidential,1,178,1,8,120
172,Presidential,1,184,3,4,120
172,Presidential,1,1804,4,7,120
172,Presidential,1,857,4,14,120
172,Presidential,1,352,5,8,120
172,Presidential,2,2710,6,3,120
172,Presidential,1,1274,6,11,120
172,Presidential,1,1339,9,7,120
172,Presidential,1,993,10,12,120
172,Presidential,1,815,11,3,120
172,Presidential,1,1968,12,2,120
172,Presidential,1,404,12,13,120
173,Standard,1,1061,1,6,434
173,Standard,2,1790,1,7,434
173,Standard,3,4223,4,10,434
173,Standard,4,2973,7,4,434
173,Standard,2,2398,7,10,434
173,Standard,2,2719,8,1,434
173,Standard,1,1785,8,9,434
173,Standard,1,1339,11,6,434
173,Standard,1,1068,12,9,434
174,Deluxe,1,525,3,5,351
174,Deluxe,1,923,10,5,351
174,Deluxe,1,1887,11,3,351
174,Deluxe,1,1354,11,8,351
174,Deluxe,1,794,12,9,351
175,Executive,2,2697,1,9,260
175,Executive,2,1769,1,14,260
175,Executive,1,456,3,9,260
175,Executive,2,1174,4,2,260
175,Executive,1,773,4,7,260
175,Executive,1,1724,4,11,260
175,Executive,1,1742,6,4,260
175,Executive,3,1578,7,6,260
175,Executive,3,3709,9,13,260
175,Executive,2,2816,12,13,260
176,Presidential,1,476,2,3,83
176,Presidential,1,1021,2,10,83
176,Presidential,3,3360,3,4,83
176,Presidential,1,365,3,9,83
176,Presidential,2,3886,3,12,83
176,Presidential,1,1704,4,6,83
176,Presidential,1,630,4,14,83
176,Presidential,1,160,6,1,83
176,Presidential,1,1312,6,12,83
176,Presidential,1,1872,7,5,83
176,Presidential,1,1208,7,12,83
176,Presidential,1,1221,9,4,83
176,Presidential,1,1507,9,7,83
176,Presidential,1,1656,10,10,83
176,Presidential,1,1017,10,13,83
176,Presidential,1,138,11,13,83
176,Presidential,1,1744,12,7,83
176,Presidential,1,1921,12,9,83
177,Standard,1,1824,2,5,167
177,Standard,1,1088,4,6,167
177,Standard,2,2042,5,6,167
177,Standard,1,277,9,10,167
177,Standard,1,484,10,3,167
177,Standard,2,2121,11,4,167
178,Presidential,1,436,1,7,138
178,Presidential,1,326,4,2,138
178,Presidential,1,1176,4,9,138
178,Presidential,3,3158,7,10,138
178,Presidential,2,2766,8,11,138
178,Presidential,1,428,9,3,138
178,Presidential,2,2121,9,5,138
178,Presidential,1,1383,9,14,138
178,Presidential,1,1416,10,3,138
178,Presidential,1,1367,11,4,138
178,Presidential,1,1351,12,2,138
178,Presidential,1,1929,12,12,138
179,Deluxe,1,1698,2,13,468
179,Deluxe,2,1761,3,4,468
179,Deluxe,1,1980,5,1,468
179,Deluxe,1,697,5,2,468
179,Deluxe,2,2133,5,5,468
179,Deluxe,1,1353,5,11,468
179,Deluxe,1,1755,6,8,468
179,Deluxe,2,1637,7,6,468
179,Deluxe,1,1835,8,6,468
179,Deluxe,1,1331,8,10,468
179,Deluxe,1,357,9,5,468
179,Deluxe,1,1438,10,5,468
179,Deluxe,1,1006,11,2,468
180,Presidential,1,1383,2,6,395
180,Presidential,1,842,2,11,395
180,Presidential,2,2649,6,5,395
180,Presidential,1,1188,7,7,395
180,Presidential,2,1485,8,12,395
180,Presidential,1,1174,9,13,395
180,Presidential,2,2254,10,5,395
180,Presidential,1,938,11,3,395
181,Deluxe,2,2679,2,11,441
181,Deluxe,1,666,3,12,441
181,Deluxe,2,979,5,3,441
181,Deluxe,1,1477,5,8,441
181,Deluxe,2,1191,8,5,441
181,Deluxe,1,820,9,8,441
181,Deluxe,3,2504,9,14,441
181,Deluxe,1,1841,10,4,441
181,Deluxe,2,2889,10,6,441
181,Deluxe,1,1900,10,13,441
181,Deluxe,1,1029,11,14,441
181,Deluxe,1,1292,12,4,441
181,Deluxe,2,2027,12,12,441
182,Presidential,2,890,1,2,146
182,Presidential,1,393,1,5,146
182,Presidential,2,2483,3,5,146
182,Presidential,2,552,4,7,146
182,Presidential,1,1705,5,7,146
182,Presidential,2,3639,6,3,146
182,Presidential,1,1911,8,1,146
182,Presidential,1,921,8,10,146
182,Presidential,1,1659,9,9,146
182,Presidential,2,3219,9,13,146
182,Presidential,3,3219,10,4,146
182,Presidential,1,552,10,11,146
182,Presidential,1,1124,11,4,146
182,Presidential,1,1796,12,1,146
182,Presidential,2,2029,12,7,146
183,Deluxe,2,1280,1,2,213
183,Deluxe,1,858,1,7,213
183,Deluxe,1,1372,3,1,213
183,Deluxe,1,669,4,9,213
183,Deluxe,2,2246,5,7,213
183,Deluxe,1,1630,6,10,213
183,Deluxe,1,174,7,3,213
183,Deluxe,1,1282,9,8,213
183,Deluxe,1,1072,9,9,213
183,Deluxe,1,859,11,6,213
184,Executive,2,1906,1,9,319
184,Executive,2,1311,2,3,319
184,Executive,1,857,2,4,319
184,Executive,1,1729,3,1,319
184,Executive,2,1716,4,10,319
184,Executive,1,449,6,2,319
184,Executive,1,1791,7,1,319
184,Executive,1,1713,7,9,319
184,Executive,1,1831,9,5,319
184,Executive,1,639,9,10,319
184,Executive,1,718,10,6,319
184,Executive,1,572,10,7,319
184,Executive,1,1519,11,3,319
184,Executive,1,1961,12,6,319
185,Presidential,2,3347,1,9,411
185,Presidential,1,104,1,13,411
185,Presidential,1,1153,1,14,411
185,Presidential,2,931,2,5,411
185,Presidential,1,1898,4,11,411
185,Presidential,1,1257,5,1,411
185,Presidential,2,1459,5,10,411
185,Presidential,1,849,7,6,411
185,Presidential,1,1547,7,11,411
185,Presidential,1,1078,9,6,411
185,Presidential,1,129,10,2,411
185,Presidential,1,384,10,3,411
185,Presidential,4,5677,12,7,411
186,Suite,1,109,3,1,171
186,Suite,1,1441,3,2,171
186,Suite,1,506,4,1,171
186,Suite,1,1024,4,7,171
186,Suite,2,1645,5,2,171
186,Suite,2,461,7,5,171
186,Suite,1,1959,7,10,171
186,Suite,1,108,8,14,171
186,Suite,2,1878,9,14,171
186,Suite,1,356,10,13,171
186,Suite,1,1384,10,14,171
186,Suite,1,1995,12,1,171
186,Suite,1,244,12,14,171
187,Standard,1,458,1,3,145
187,Standard,2,2744,2,8,145
187,Standard,1,1519,2,9,145
187,Standard,1,476,3,4,145
187,Standard,1,515,3,9,145
187,Standard,1,1315,5,6,145
187,Standard,2,1734,6,11,145
187,Standard,1,1455,7,4,145
187,Standard,1,1000,7,7,145
187,Standard,2,938,7,10,145
187,Standard,1,167,7,13,145
187,Standard,1,569,8,6,145
187,Standard,1,1326,9,6,145
187,Standard,1,776,10,6,145
187,Standard,1,959,12,13,145
188,Presidential,1,348,3,3,469
188,Presidential,2,3810,4,10,469
188,Presidential,1,1903,5,2,469
188,Presidential,1,1792,6,4,469
188,Presidential,2,1168,6,7,469
188,Presidential,1,335,6,12,469
188,Presidential,1,1193,8,2,469
188,Presidential,1,1950,8,6,469
188,Presidential,1,300,8,9,469
188,Presidential,2,1444,9,7,469
188,Presidential,2,1548,10,4,469
188,Presidential,1,1666,10,6,469
188,Presidential,1,114,11,6,469
188,Presidential,2,682,11,7,469
188,Presidential,1,877,11,9,469
188,Presidential,1,1599,12,8,469
189,Executive,1,544,3,1,384
189,Executive,1,391,5,2,384
189,Executive,1,411,7,7,384
189,Executive,1,61,8,3,384
189,Executive,1,1160,9,11,384
189,Executive,2,2519,10,3,384
189,Executive,1,902,10,9,384
189,Executive,1,401,11,13,384
189,Executive,1,1132,12,7,384
189,Executive,2,3118,12,11,384
190,Suite,1,717,2,1,189
190,Suite,1,1343,2,2,189
190,Suite,4,4322,3,9,189
190,Suite,1,347,3,12,189
190,Suite,1,537,4,13,189
190,Suite,1,1797,6,5,189
190,Suite,2,556,6,8,189
190,Suite,1,354,7,4,189
190,Suite,2,2364,10,6,189
191,Deluxe,2,1581,1,4,346
191,Deluxe,1,1176,1,14,346
191,Deluxe,1,1764,2,10,346
191,Deluxe,1,1215,4,13,346
191,Deluxe,1,1829,5,2,346
191,Deluxe,1,84,6,3,346
191,Deluxe,1,1107,6,7,346
191,Deluxe,1,1627,6,12,346
191,Deluxe,1,1861,7,11,346
191,Deluxe,2,2666,10,10,346
191,Deluxe,2,1945,11,3,346
191,Deluxe,1,318,11,9,346
192,Standard,2,1068,2,10,333
192,Standard,1,207,3,4,333
192,Standard,1,1228,4,2,333
192,Standard,1,421,6,3,333
192,Standard,1,671,7,10,333
192,Standard,1,690,8,11,333
192,Standard,1,1328,9,13,333
192,Standard,1,1696,10,13,333
192,Standard,1,1286,11,4,333
192,Standard,1,1004,12,8,333
192,Standard,2,1942,12,11,333
193,Suite,1,854,1,14,67
193,Suite,1,1307,3,1,67
193,Suite,1,718,3,2,67
193,Suite,1,508,3,6,67
193,Suite,2,1766,4,13,67
193,Suite,3,3268,6,1,67
193,Suite,1,99,6,2,67
193,Suite,1,1630,7,9,67
193,Suite,1,885,8,6,67
193,Suite,2,1097,9,1,67
193,Suite,1,186,9,7,67
193,Suite,1,1678,10,2,67
193,Suite,1,625,10,3,67
193,Suite,1,487,10,8,67
193,Suite,2,833,11,10,67
193,Suite,2,408,12,12,67
194,Deluxe,2,1153,1,3,96
194,Deluxe,1,665,1,5,96
194,Deluxe,3,3192,1,8,96
194,Deluxe,4,4864,1,10,96
194,Deluxe,2,1068,1,11,96
194,Deluxe,1,1674,3,11,96
194,Deluxe,1,889,4,4,96
194,Deluxe,1,292,4,8,96
194,Deluxe,1,560,4,14,96
194,Deluxe,1,806,5,5,96
194,Deluxe,2,3503,5,6,96
194,Deluxe,2,2395,6,9,96
194,Deluxe,1,1823,7,6,96
194,Deluxe,1,853,8,8,96
194,Deluxe,2,2153,10,10,96
194,Deluxe,1,278,10,13,96
194,Deluxe,2,1731,10,14,96
194,Deluxe,1,279,11,1,96
194,Deluxe,1,1896,11,5,96
194,Deluxe,1,1296,12,12,96
195,Presidential,1,742,2,7,426
195,Presidential,2,2914,3,6,426
195,Presidential,1,387,3,11,426
195,Presidential,1,465,4,9,426
195,Presidential,1,112,4,13,426
195,Presidential,1,1770,6,9,426
195,Presidential,1,1183,7,10,426
195,Presidential,1,387,8,2,426
195,Presidential,1,1781,8,10,426
195,Presidential,1,195,9,7,426
195,Presidential,1,1609,9,9,426
195,Presidential,4,2724,11,13,426
196,Presidential,1,407,2,6,164
196,Presidential,2,2209,3,1,164
196,Presidential,1,235,3,13,164
196,Presidential,1,1912,4,11,164
196,Presidential,1,1928,5,10,164
196,Presidential,1,1474,5,13,164
196,Presidential,1,1999,9,4,164
196,Presidential,1,902,11,1,164
196,Presidential,3,2505,12,1,164
196,Presidential,2,2388,12,12,164
197,Standard,1,1255,3,8,166
197,Standard,1,1448,3,14,166
197,Standard,4,5178,4,3,166
197,Standard,1,584,7,3,166
197,Standard,1,858,8,4,166
197,Standard,1,1523,10,6,166
197,Standard,2,2942,10,9,166
197,Standard,1,1867,12,7,166
197,Standard,1,1223,12,13,166
198,Deluxe,1,1329,1,1,155
198,Deluxe,3,4430,1,3,155
198,Deluxe,1,394,1,4,155
198,Deluxe,1,1008,2,7,155
198,Deluxe,2,2164,3,1,155
198,Deluxe,2,2183,5,7,155
198,Deluxe,1,816,5,8,155
198,Deluxe,1,484,6,7,155
198,Deluxe,1,1473,8,8,155
198,Deluxe,1,520,9,6,155
198,Deluxe,1,1004,9,13,155
198,Deluxe,2,3332,10,13,155
198,Deluxe,1,581,12,5,155
198,Deluxe,1,291,12,14,155
199,Suite,1,1858,1,10,149
199,Suite,3,1841,2,6,149
199,Suite,1,419,2,8,149
199,Suite,2,3186,3,5,149
199,Suite,1,1838,6,14,149
199,Suite,4,5512,7,3,149
199,Suite,1,339,7,12,149
199,Suite,2,2703,8,2,149
199,Suite,1,680,10,2,149
199,Suite,1,1119,10,3,149
199,Suite,2,989,11,9,149
199,Suite,1,1858,12,9,149
200,Executive,1,113,1,6,396
200,Executive,1,1605,2,1,396
200,Executive,1,598,2,4,396
200,Executive,1,1863,4,10,396
200,Executive,2,594,6,5,396
200,Executive,2,2412,6,6,396
200,Executive,1,326,7,1,396
200,Executive,1,1309,7,6,396
200,Executive,2,999,7,12,396
200,Executive,2,1597,7,13,396
200,Executive,1,890,8,3,396
200,Executive,3,1584,9,9,396
200,Executive,1,988,9,10,396
200,Executive,1,1140,9,11,396
200,Executive,1,1314,10,1,396
200,Executive,1,726,10,14,396
200,Executive,1,503,11,4,396
200,Executive,2,2689,11,12,396
200,Executive,1,1158,12,1,396
200,Executive,1,871,12,9,396
200,Executive,1,674,12,14,396
